#case_id	wrapper_sv	ovl_module_v	top_module	bound	known_gap
ovl_sem_always	utils/ovl_semantic/wrappers/ovl_sem_always.sv	ovl_always.v	ovl_sem_always	8	0
ovl_sem_never	utils/ovl_semantic/wrappers/ovl_sem_never.sv	ovl_never.v	ovl_sem_never	8	0
ovl_sem_implication	utils/ovl_semantic/wrappers/ovl_sem_implication.sv	ovl_implication.v	ovl_sem_implication	8	0
ovl_sem_next	utils/ovl_semantic/wrappers/ovl_sem_next.sv	ovl_next.v	ovl_sem_next	8	0
ovl_sem_one_hot	utils/ovl_semantic/wrappers/ovl_sem_one_hot.sv	ovl_one_hot.v	ovl_sem_one_hot	8	0
ovl_sem_zero_one_hot	utils/ovl_semantic/wrappers/ovl_sem_zero_one_hot.sv	ovl_zero_one_hot.v	ovl_sem_zero_one_hot	8	0
ovl_sem_range	utils/ovl_semantic/wrappers/ovl_sem_range.sv	ovl_range.v	ovl_sem_range	8	0
ovl_sem_even_parity	utils/ovl_semantic/wrappers/ovl_sem_even_parity.sv	ovl_even_parity.v	ovl_sem_even_parity	8	0
ovl_sem_never_unknown	utils/ovl_semantic/wrappers/ovl_sem_never_unknown.sv	ovl_never_unknown.v	ovl_sem_never_unknown	8	0
ovl_sem_change	utils/ovl_semantic/wrappers/ovl_sem_change.sv	ovl_change.v	ovl_sem_change	8	0
ovl_sem_one_cold	utils/ovl_semantic/wrappers/ovl_sem_one_cold.sv	ovl_one_cold.v	ovl_sem_one_cold	8	0
ovl_sem_mutex	utils/ovl_semantic/wrappers/ovl_sem_mutex.sv	ovl_mutex.v	ovl_sem_mutex	8	0
ovl_sem_next_state	utils/ovl_semantic/wrappers/ovl_sem_next_state.sv	ovl_next_state.v	ovl_sem_next_state	8	0
ovl_sem_odd_parity	utils/ovl_semantic/wrappers/ovl_sem_odd_parity.sv	ovl_odd_parity.v	ovl_sem_odd_parity	8	0
ovl_sem_increment	utils/ovl_semantic/wrappers/ovl_sem_increment.sv	ovl_increment.v	ovl_sem_increment	8	0
ovl_sem_decrement	utils/ovl_semantic/wrappers/ovl_sem_decrement.sv	ovl_decrement.v	ovl_sem_decrement	8	0
ovl_sem_delta	utils/ovl_semantic/wrappers/ovl_sem_delta.sv	ovl_delta.v	ovl_sem_delta	8	0
ovl_sem_unchange	utils/ovl_semantic/wrappers/ovl_sem_unchange.sv	ovl_unchange.v	ovl_sem_unchange	8	0
ovl_sem_no_overflow	utils/ovl_semantic/wrappers/ovl_sem_no_overflow.sv	ovl_no_overflow.v	ovl_sem_no_overflow	8	0
ovl_sem_no_underflow	utils/ovl_semantic/wrappers/ovl_sem_no_underflow.sv	ovl_no_underflow.v	ovl_sem_no_underflow	8	0
ovl_sem_transition	utils/ovl_semantic/wrappers/ovl_sem_transition.sv	ovl_transition.v	ovl_sem_transition	8	0
ovl_sem_no_transition	utils/ovl_semantic/wrappers/ovl_sem_no_transition.sv	ovl_no_transition.v	ovl_sem_no_transition	8	0
ovl_sem_req_requires	utils/ovl_semantic/wrappers/ovl_sem_req_requires.sv	ovl_req_requires.v	ovl_sem_req_requires	10	0
